,BYTECODE
1028,271854
40182,100201
634,86122
232,51541
768,48439
922,48163
590,44407
318,42010
564,41352
20360,36796
954,31235
570,29560
528,22590
610,21367
684,20682
1024,19050
492,17997
694,13923
114,13186
9082,13114
368,10731
3114,9259
310,7863
5598,7523
2198,7232
1382,6608
360,5749
516,5729
274,5260
194,5155
290,4393
8584,4252
38,3845
37976,3787
804,3663
438,3205
2442,3058
632,3052
108,2798
40,2478
582,2447
44,2344
914,2211
920,1963
40058,1908
606,1791
2750,1742
88116,1730
532,1728
106,1649
5644,1619
134,1520
824,1363
228,1334
1708,1107
858,1103
534,1024
488,1001
16,999
2638,884
676,724
848,696
690,693
3288,678
1200,634
1740,633
1794,625
3594,623
1192,621
878,582
366,574
346,561
722,559
620,530
348,491
10638,481
392,476
1022,448
4940,439
716,370
352,350
6166,341
658,340
728,336
350,314
726,313
372,311
3634,305
7912,304
26792,296
374,295
1830,292
522,290
854,288
1584,286
540,277
354,276
542,270
2428,261
3518,254
84858,254
8486,253
504,249
104988,249
45998,248
2898,248
408,246
5508,245
544,239
560,237
4136,233
4148,228
356,214
3302,208
3632,204
2042,203
1364,194
2138,193
1650,187
558,186
92430,180
342,179
554,176
1572,173
4138,167
344,165
546,165
364,162
1884,161
550,160
3520,160
176142,159
3628,153
340,151
3642,148
86476,147
63086,146
6612,145
10040,143
562,140
3928,139
2508,138
191762,138
552,137
70380,135
78,133
1456,132
2366,131
242,129
16986,129
426,126
59270,126
3094,125
556,123
624,122
191738,122
1366,122
822,121
1212,121
1838,120
3218,120
548,119
6160,116
83958,115
1654,114
9678,114
52440,112
2542,110
62352,108
142242,108
3286,108
664,108
1878,106
3444,105
46612,105
3004,105
238,105
3166,104
636,104
30,104
608,103
3622,103
3136,101
1464,100
3522,100
502,98
16998,96
66414,95
1870,94
5456,94
1874,93
5098,93
1872,91
2032,91
240,91
358,89
7480,86
11682,86
6544,86
3032,84
5444,82
538,82
1646,82
2392,82
5510,81
1868,80
3648,78
1612,78
1754,78
5024,78
1880,77
628,77
1876,76
3150,76
5642,76
2718,76
4122,74
44202,73
2176,73
3124,72
290316,72
1642,71
7564,71
1004,70
76932,70
41326,70
3620,69
3548,69
83382,69
9818,68
10612,68
3168,68
432,67
614,66
2312,66
152380,66
3138,65
616,65
2560,65
706,64
3532,64
8782,63
78294,63
66364,63
1866,63
3540,62
712,61
47560,61
530,61
4114,61
4164,59
4966,58
324,58
1882,57
4120,56
3144,56
6788,56
4142,56
3626,56
3638,56
2450,55
34,55
3534,55
442,55
32992,54
10136,54
3902,53
66346,52
3630,52
42,52
622,51
4124,51
5034,51
10748,51
1020,51
2552,51
11298,51
710,50
5294,50
1834,50
4156,50
4116,50
4738,49
568,49
7870,49
380,49
4162,49
4076,49
3370,49
2712,49
26,49
1190,49
3624,48
3530,48
4112,48
80,47
3430,47
7344,47
3636,46
668,46
3516,46
476,46
464,46
148240,46
25066,46
88062,46
646,46
4146,45
938,45
4144,44
3122,44
4152,43
526,43
2034,43
32,43
68,42
5028,42
81290,42
498,42
4438,42
1886,42
566,42
4130,41
334,41
2960,41
9682,41
1604,41
462,41
386,40
3640,40
1630,40
4034,40
4150,40
302,40
19590,40
2872,40
1832,40
3644,40
3528,40
1462,39
1616,39
796,39
4128,39
2002,38
88,38
1458,38
972,38
156262,38
3420,38
4134,38
4140,37
338,37
4154,37
2796,37
3142,37
1474,37
2490,37
4272,37
5042,37
2528,37
320,36
1956,36
2310,36
3524,36
3132,36
5036,36
1804,36
834,36
2728,36
2036,35
17022,35
1906,35
4118,35
19496,35
3536,35
2014,35
2390,35
1892,35
5920,35
53248,34
4030,34
1668,34
17006,34
3974,34
3140,34
2760,34
156,34
152532,34
1206,34
308,34
11148,34
612,34
36086,34
1888,34
18986,34
4720,33
36,33
680,33
4126,33
2518,33
3130,33
536,33
1930,33
7262,33
1610,32
5122,32
660,32
3146,32
40782,32
268,32
3126,32
130,32
3564,32
1444,32
1018,32
1836,32
4298,31
1238,31
514,31
3526,31
4110,31
3258,31
1660,31
13668,31
3310,31
17002,31
1640,31
5274,31
1694,30
2478,30
2920,30
120,30
9440,30
1776,30
1890,30
152966,30
1824,30
10722,30
4390,29
8546,29
714,29
2210,29
11410,29
4724,29
4274,29
2370,29
1680,29
4760,29
3252,29
1634,29
4280,29
1048,29
1822,29
574,29
3966,29
1482,28
164,28
24,28
1504,28
6196,28
4168,28
4288,28
3128,28
332,28
1894,28
5500,28
1196,28
1896,28
790,28
2502,28
2908,27
10036,27
654,27
2486,27
3766,27
1682,27
1522,27
9434,27
708,27
376,27
618,27
1820,27
2514,27
512,27
1428,27
2300,27
1764,27
674,27
736,26
1052,26
28,26
4166,26
6556,26
3808,26
5032,26
66,26
3794,26
170,26
1988,26
718,26
2512,26
1446,26
3438,26
3052,26
6480,26
4276,26
3212,26
2440,26
3750,25
4396,25
418,25
1450,25
3690,25
3092,25
1468,25
508,25
2634,25
14,25
1662,25
3978,25
766,25
222,25
4482,25
3120,25
4392,25
3556,25
4400,25
2482,25
3290,25
5278,24
2802,24
2488,24
1778,24
572,24
2258,24
4748,24
808,24
1448,24
1416,24
370,24
8554,24
152896,24
3426,24
3538,24
1452,24
5452,24
1222,24
3782,24
670,24
2382,24
1948,24
178,24
3650,23
166,23
1466,23
2524,23
474,23
46,23
2252,23
258,23
520,23
2522,23
3134,23
2682,23
2538,23
3118,23
15788,23
2500,23
2606,23
1802,23
774,23
1110,23
5104,23
4158,23
510,23
28356,23
294,23
3256,23
3542,23
604,22
3428,22
1526,22
4424,22
4160,22
2296,22
384,22
3026,22
934,22
1648,22
4180,22
3546,22
1666,22
7048,22
2732,22
3692,22
175080,22
4386,22
1840,22
1480,22
1652,22
3798,22
6758,22
2656,22
206,22
458,22
9278,22
2438,22
1454,22
21814,22
4024,21
190,21
182,21
26126,21
2536,21
316,21
4278,21
3618,21
4268,21
1470,21
874,21
153852,21
688,21
1670,21
4284,21
276,21
3702,21
936,21
1472,21
6944,21
10400,21
3356,21
3806,21
506,21
5496,21
2110,20
6754,20
1338,20
1460,20
2158,20
2504,20
1326,20
2976,20
4132,20
2678,20
3874,20
282,20
4282,20
2452,20
3056,20
5890,20
3884,20
4096,20
48,20
4956,20
3694,20
4788,20
4006,20
2548,20
6654,20
412,20
2216,20
2770,20
5494,20
3870,20
3262,20
800,20
2436,20
1922,20
264,19
2520,19
4252,19
2480,19
2494,19
3968,19
23406,19
5900,19
2766,19
2446,19
2264,19
5108,19
4108,19
3472,19
3238,19
2924,19
1752,19
1282,19
3228,19
3222,19
1846,19
1898,19
2118,19
3898,19
4286,19
2302,19
4358,19
3696,19
11674,19
2776,19
630,19
6570,19
908,19
662,19
22,19
580,19
3182,19
3448,19
648,19
904,19
910,19
424,19
3746,19
3436,19
5586,18
2922,18
5026,18
3394,18
3236,18
220,18
3216,18
3066,18
382,18
3230,18
5736,18
4172,18
862,18
2694,18
1864,18
3422,18
4188,18
326,18
1756,18
2594,18
3740,18
5442,18
2930,18
5324,18
168,18
2742,18
4042,18
2344,18
3792,18
25762,18
5454,18
16988,18
2204,18
1320,18
4394,18
5030,18
4270,18
890,18
682,18
1106,18
2544,18
2280,18
6254,18
776,18
3684,18
792,18
26752,18
3788,18
2260,18
2214,18
2282,18
2374,18
5014,18
1814,18
4668,18
3232,18
4652,18
902,18
1442,18
5068,18
4176,18
2102,18
18670,18
2510,18
3962,18
5924,18
1066,17
5460,17
1494,17
2774,17
4236,17
1622,17
12382,17
5044,17
5290,17
2492,17
894,17
3796,17
1560,17
158,17
5892,17
420,17
952,17
5450,17
132,17
3930,17
322,17
2934,17
6284,17
1982,17
3210,17
3680,17
4848,17
4290,17
5492,17
3264,17
2532,17
2926,17
2734,17
5466,17
4086,17
3000,17
4230,17
4484,17
6122,17
218,17
246,17
1904,17
4454,17
2740,17
2868,17
4066,17
9178,17
4384,17
12418,17
4354,17
2644,17
5784,17
7200,17
4428,17
3606,17
18604,17
4814,17
422,17
3002,17
144,17
4364,17
2284,17
1714,17
1358,17
4296,17
4222,17
2700,17
2120,17
77054,17
4170,17
1354,17
3254,17
8460,16
7876,16
7352,16
1230,16
2672,16
7228,16
450,16
1372,16
278,16
460,16
1274,16
3314,16
4914,16
3154,16
2954,16
2928,16
1026,16
3226,16
1210,16
3896,16
1828,16
32802,16
152,16
2088,16
4050,16
3934,16
484,16
1950,16
2306,16
233330,16
24930,16
2762,16
139732,16
29860,16
140,16
786,16
2984,16
764,16
3568,16
4728,16
3698,16
4294,16
1264,16
4412,16
2886,16
3964,16
3362,16
472,16
1944,16
3838,16
454,16
4446,16
1488,16
3992,16
1852,16
1960,16
1742,16
4068,16
1676,16
1724,16
1144,16
1342,16
2956,16
1258,16
642,16
6564,16
3920,16
138,16
886,16
272,16
2710,16
1344,16
3266,16
2714,16
2230,16
10038,16
5448,16
5040,16
1132,16
2650,16
3756,16
518,16
2338,16
1844,16
1056,16
3716,16
4048,16
2534,16
10880,16
3034,16
1234,16
9800,16
2738,16
5514,16
3250,16
3774,16
2256,16
3058,16
7442,15
15226,15
2580,15
2468,15
4028,15
4292,15
3028,15
960,15
1556,15
4458,15
6396,15
4090,15
154,15
248,15
3220,15
2744,15
6318,15
3800,15
2828,15
2406,15
3068,15
626,15
3886,15
2462,15
4300,15
2432,15
1420,15
3710,15
11160,15
3278,15
3888,15
2894,15
946,15
1040,15
3336,15
882,15
4182,15
4012,15
1540,15
2206,15
1036,15
986,15
4398,15
3320,15
698,15
388,15
3398,15
3560,15
1176,15
700,15
2318,15
150,15
924,15
678,15
3260,15
180,15
3110,15
2624,15
702,15
1818,15
1436,15
980,15
6340,15
4722,15
396,15
1410,15
3512,15
4038,15
3062,15
2292,15
1174,15
2294,15
1722,15
3348,15
816,15
2982,15
18808,15
9116,15
2540,15
692,15
1492,15
260,15
3704,15
4032,15
3764,15
4742,15
6826,15
3678,15
1716,15
1964,15
3340,15
11348,15
1684,15
2506,15
2096,15
4800,14
3752,14
1278,14
4462,14
5498,14
5224,14
14086,14
11466,14
406,14
313796,14
76,14
2516,14
2566,14
5470,14
2136,14
1046,14
1618,14
1736,14
2758,14
5480,14
5050,14
4452,14
2666,14
932,14
3234,14
2698,14
162,14
1216,14
2932,14
1076,14
5286,14
1924,14
3048,14
3330,14
942,14
2754,14
3882,14
1506,14
2322,14
2130,14
3852,14
13402,14
4256,14
4254,14
2196,14
672,14
11448,14
3042,14
4266,14
4662,14
1900,14
3708,14
2692,14
3466,14
2212,14
106816,14
4174,14
1570,14
4104,14
436,14
1566,14
956,14
2864,14
770,14
4464,14
2106,14
122,14
5486,14
4444,14
3676,14
1856,14
3878,14
2986,14
7070,14
788,14
880,14
1994,14
2620,14
1068,14
1858,14
4388,14
4486,14
1054,14
4896,14
2748,14
4070,14
11580,14
2916,14
4194,14
2996,14
1636,14
4080,14
4564,14
2918,14
312,14
1946,14
3484,14
760,14
3654,14
3772,14
1438,14
4640,14
2546,14
1478,14
3656,14
1130,14
3060,14
2892,14
1558,14
3552,14
1624,14
280,14
2936,14
1542,14
128,14
16436,14
3402,14
2602,14
744,14
2272,14
2816,13
8932,13
5132,13
3366,13
52804,13
3018,13
5300,13
2358,13
2104,13
4700,13
1538,13
3462,13
2266,13
3098,13
10418,13
7350,13
3858,13
836,13
266,13
10394,13
1826,13
4376,13
1790,13
296,13
818,13
2914,13
5482,13
4056,13
3074,13
2434,13
6218,13
11854,13
2994,13
2100,13
884,13
1294,13
3682,13
7450,13
806,13
3152,13
2800,13
3890,13
4794,13
4346,13
3364,13
1628,13
4382,13
250,13
4890,13
3510,13
640,13
3986,13
810,13
284,13
21496,13
3718,13
2496,13
5550,13
2112,13
5572,13
2458,13
5312,13
1368,13
3822,13
3946,13
4232,13
5342,13
1816,13
2290,13
2328,13
578,13
1974,13
772,13
2564,13
3424,13
3442,13
4178,13
116,13
1772,13
416,13
868,13
6998,13
2334,13
1136,13
4404,13
5464,13
5446,13
2722,13
5656,13
5010,13
5648,13
102,13
3688,13
1396,13
2968,13
2852,13
2330,13
4058,13
3172,13
3514,13
3720,13
2020,13
3816,13
4044,13
4002,13
5848,13
1266,13
2298,13
2902,13
20278,13
5592,13
1788,13
4356,13
704,13
230,13
15970,13
2418,13
1340,13
13320,13
3994,13
3876,13
8018,13
3818,13
3608,13
19488,13
378,13
940,13
496,12
3202,12
4098,12
1968,12
4100,12
1934,12
968,12
1698,12
1848,12
5020,12
50,12
652,12
6672,12
2222,12
466,12
3706,12
812,12
2834,12
2178,12
3160,12
840,12
1518,12
500,12
2604,12
906,12
2826,12
11678,12
3592,12
1272,12
2484,12
4408,12
2578,12
1996,12
3572,12
292,12
3940,12
2726,12
1440,12
2568,12
3116,12
1060,12
1178,12
5490,12
1008,12
2974,12
4362,12
4184,12
9676,12
2472,12
2646,12
5852,12
1412,12
4756,12
1316,12
2224,12
1762,12
1798,12
212,12
3498,12
1688,12
4064,12
2420,12
3836,12
974,12
1310,12
3936,12
5992,12
2978,12
1746,12
730,12
2746,12
5876,12
794,12
1672,12
3012,12
1090,12
2006,12
1002,12
602,12
5282,12
2454,12
4708,12
4802,12
1658,12
3350,12
2128,12
1380,12
4596,12
2152,12
4892,12
3148,12
2794,12
2248,12
756,12
3294,12
2200,12
169558,12
1854,12
8886,12
4562,12
3728,12
6034,12
2268,12
2980,12
1734,12
1784,12
2182,12
2422,12
4202,12
1548,12
2142,12
4078,12
4324,12
3456,12
14454,12
928,12
1592,12
3198,12
2616,12
3318,12
3452,12
5740,12
126,12
3064,12
4234,12
127960,12
1476,12
4340,12
3972,12
5458,12
4682,12
4504,12
5164,12
3730,12
644,12
7522,12
2878,12
3714,12
1058,12
2756,12
4016,12
456,12
2220,12
2444,12
2708,11
2170,11
3184,11
2316,11
43926,11
4664,11
3308,11
1122,11
4360,11
778,11
4052,11
3824,11
1910,11
2414,11
2398,11
3588,11
4418,11
2870,11
2278,11
4072,11
3732,11
3176,11
4508,11
136,11
3328,11
2882,11
3832,11
3020,11
2376,11
990,11
1064,11
2380,11
8876,11
4460,11
3050,11
4654,11
1842,11
1300,11
1656,11
2556,11
2046,11
428,11
2792,11
5276,11
2180,11
1586,11
3916,11
1588,11
1408,11
4808,11
4658,11
256,11
650,11
2430,11
4750,11
5436,11
3324,11
254,11
4106,11
3268,11
3912,11
5552,11
3674,11
596,11
3024,11
3804,11
3010,11
2670,11
2108,11
4040,11
1346,11
5354,11
3666,11
5488,11
2640,11
1426,11
2562,11
1500,11
2874,11
918,11
656,11
2160,11
2498,11
2396,11
5016,11
1386,11
2654,11
7940,11
2202,11
3862,11
584,11
888,11
2132,11
4316,11
1224,11
1972,11
400,11
3248,11
2172,11
3354,11
6296,11
1262,11
3578,11
3494,11
2304,11
5228,11
2362,11
3612,11
2946,11
2778,11
4250,11
1242,11
3274,11
4994,11
112,11
404,11
2988,11
3614,11
1392,11
3954,11
3550,11
3686,11
3544,11
1246,11
1678,11
4580,11
4626,11
3276,11
8160,11
2474,11
748,11
6430,11
2786,11
2608,11
1704,11
2276,11
446,11
6800,11
3616,11
4818,11
3646,11
3022,11
4352,11
5080,11
2964,11
2660,11
1786,11
1096,11
202,11
482,11
3156,11
784,11
1400,11
2274,11
4634,11
1738,11
1536,11
142,11
3006,11
866,11
6156,11
1992,11
1304,11
1998,11
2308,11
5874,11
746,11
5112,11
7506,11
3486,11
5668,11
1418,10
17588,10
5124,10
4062,10
3186,10
5506,10
3854,10
3778,10
9450,10
2896,10
2782,10
4198,10
1918,10
4806,10
1958,10
394,10
2806,10
734,10
4510,10
4792,10
6280,10
3334,10
468,10
2860,10
1902,10
4224,10
1140,10
3926,10
802,10
4624,10
8044,10
1550,10
6226,10
6786,10
1534,10
1250,10
4260,10
6776,10
210,10
5472,10
184,10
3224,10
76740,10
1700,10
3984,10
92642,10
2084,10
3598,10
1078,10
200,10
1218,10
2900,10
828,10
842,10
5258,10
3244,10
3892,10
3470,10
2808,10
1546,10
4036,10
6188,10
4010,10
4208,10
3576,10
390,10
2530,10
2772,10
4898,10
7320,10
4026,10
1750,10
2018,10
732,10
2384,10
4214,10
3306,10
8198,10
176,10
600,10
3760,10
1568,10
4900,10
3762,10
208,10
3998,10
896,10
5060,10
4740,10
3482,10
7046,10
7106,10
4102,10
3842,10
3090,10
1748,10
3372,10
2662,10
2238,10
1388,10
8642,10
3432,10
2836,10
4380,10
1770,10
4084,10
1486,10
2066,10
5484,10
6178,10
1086,10
1334,10
314,10
1260,10
3668,10
434,10
1984,10
2364,10
3298,10
58,10
4610,10
4758,10
1284,10
5882,10
2958,10
998,10
1484,10
2244,10
7398,10
5546,10
2764,10
3214,10
1800,10
430,10
798,10
4308,10
3506,10
2326,10
3880,10
3450,10
2680,10
1602,10
4092,10
2610,10
2752,10
3352,10
2990,10
298,10
9014,10
7456,10
6782,10
638,10
5064,10
3368,10
1094,10
2848,10
3106,10
3712,10
1502,10
2636,10
1092,10
1160,10
3748,10
2378,10
7716,10
2394,10
3054,10
758,10
5268,10
3914,10
2736,10
3100,10
2356,10
2554,10
3722,10
588,10
3036,10
4570,10
4512,10
2600,10
2254,10
8208,10
3848,10
826,10
2630,10
6784,10
9628,10
4964,10
2702,10
982,10
6836,10
2674,10
4022,9
1632,9
2940,9
2030,9
2948,9
8394,9
12770,9
2880,9
4846,9
1244,9
2598,9
2850,9
3292,9
1328,9
186,9
2622,9
5706,9
4246,9
4368,9
3488,9
1562,9
2010,9
1620,9
7022,9
976,9
3970,9
402,9
1138,9
5462,9
2448,9
1390,9
1424,9
1248,9
4648,9
3726,9
5180,9
1288,9
4366,9
1718,9
10870,9
5364,9
330,9
5166,9
244,9
4666,9
4370,9
1744,9
4054,9
5252,9
4522,9
1256,9
2614,9
1134,9
1062,9
5298,9
3296,9
4568,9
3014,9
2126,9
5860,9
470,9
5192,9
4238,9
1496,9
3734,9
5922,9
5918,9
4936,9
830,9
2094,9
4406,9
2696,9
3040,9
4018,9
7072,9
6206,9
7122,9
3360,9
1702,9
5038,9
1720,9
1350,9
3652,9
5524,9
3044,9
4488,9
2810,9
37082,9
1162,9
3770,9
1226,9
4886,9
1914,9
1596,9
852,9
216,9
6732,9
4220,9
2906,9
4980,9
4962,9
5746,9
2798,9
1112,9
3108,9
1292,9
1150,9
1510,9
1710,9
480,9
3758,9
2582,9
4528,9
4810,9
3440,9
4046,9
1394,9
1384,9
2270,9
5474,9
2664,9
5752,9
233598,9
5326,9
398,9
576,9
5666,9
3332,9
7718,9
780,9
448,9
2314,9
5830,9
984,9
4414,9
6500,9
2876,9
3104,9
4798,9
1608,9
1088,9
1690,9
31542,9
2846,9
5008,9
2910,9
2642,9
2372,9
2814,9
3724,9
2730,9
586,9
2062,9
1298,9
6578,9
1758,9
2246,9
4916,9
3408,9
3384,9
1780,9
1280,9
6144,9
3820,9
20354,9
1978,9
3662,9
300,9
2768,9
1012,9
3460,9
7254,9
1908,9
286,9
6566,9
1152,9
1808,9
1402,9
1290,9
6560,9
1030,9
4820,8
2526,8
3982,8
11730,8
5738,8
1954,8
4374,8
3496,8
5344,8
5134,8
524,8
4718,8
4702,8
2804,8
6948,8
4344,8
7198,8
3776,8
2716,8
5244,8
4074,8
6030,8
16080,8
1976,8
2632,8
11740,8
3076,8
2048,8
876,8
5116,8
3938,8
3300,8
444,8
6658,8
2286,8
7428,8
3744,8
6804,8
1114,8
3272,8
4938,8
3866,8
3584,8
3900,8
3158,8
1524,8
52870,8
2240,8
996,8
9946,8
2064,8
3790,8
2228,8
4228,8
7370,8
8364,8
5052,8
2668,8
6228,8
5012,8
1760,8
6210,8
1512,8
2288,8
6806,8
3112,8
2218,8
686,8
4518,8
3392,8
2404,8
3784,8
11462,8
2324,8
3242,8
4472,8
30814,8
5204,8
174,8
782,8
2842,8
25512,8
1674,8
5062,8
8338,8
5896,8
5610,8
214,8
2340,8
1208,8
5022,8
414,8
3338,8
3418,8
6032,8
5384,8
4490,8
5692,8
7882,8
4906,8
3246,8
3780,8
1330,8
5780,8
2626,8
2460,8
6418,8
8474,8
6068,8
594,8
2952,8
5652,8
270,8
10970,8
5440,8
4554,8
1352,8
2056,8
6880,8
900,8
1928,8
2234,8
5886,8
3574,8
6120,8
4496,8
2818,8
4378,8
3566,8
6080,8
5866,8
6304,8
5938,8
4306,8
3828,8
5884,8
4008,8
964,8
3996,8
3162,8
3810,8
2658,8
6624,8
2704,8
1990,8
5366,8
1240,8
1016,8
4310,8
2412,8
3390,8
1686,8
7062,8
19976,8
7188,8
4584,8
1214,8
7936,8
12394,8
3072,8
1270,8
1182,8
9926,8
4314,8
11804,8
3190,8
6780,8
188,8
52,8
452,8
37852,8
4502,8
5288,8
5620,8
2080,8
2830,8
4732,8
5758,8
4862,8
2586,8
2812,8
2072,8
2652,8
5512,8
7318,8
3346,8
104,8
4372,8
110,8
5478,8
9298,8
17116,8
2250,8
2162,8
3378,8
2706,8
5082,8
336,8
2596,8
3070,8
1082,8
3434,8
1520,8
252,8
6422,8
1432,8
8352,8
124,8
2588,8
2144,8
2688,8
4686,8
4762,8
196,8
4910,8
6642,8
3410,8
1146,8
4678,8
4616,8
3554,8
4796,8
3396,8
3894,8
950,8
1552,8
1034,8
3344,8
16640,8
2550,8
3856,8
1324,8
1600,8
750,8
1044,8
12,8
3786,8
2592,8
3102,8
2068,8
3742,8
3738,8
820,8
494,8
838,8
5284,8
3558,8
3826,8
5800,8
2236,7
3080,7
1228,7
6640,7
6274,7
4704,7
2190,7
4968,7
4824,7
7448,7
7418,7
6256,7
5968,7
3908,7
1302,7
1308,7
3942,7
666,7
6108,7
1314,7
2912,7
118,7
4420,7
6126,7
6716,7
5536,7
6018,7
3164,7
1938,7
3580,7
6222,7
8326,7
3386,7
5182,7
962,7
2888,7
1406,7
5840,7
2938,7
9680,7
4218,7
7896,7
2464,7
5226,7
3088,7
2456,7
4852,7
15164,7
2082,7
966,7
3590,7
3840,7
6518,7
8918,7
846,7
5802,7
4320,7
204,7
8934,7
4920,7
1296,7
2832,7
234,7
3038,7
6354,7
4776,7
3504,7
478,7
754,7
5956,7
1576,7
6232,7
7014,7
4216,7
5272,7
4736,7
216774,7
5156,7
4186,7
6746,7
2242,7
6666,7
5136,7
2780,7
1430,7
4302,7
2000,7
4410,7
4336,7
844,7
4970,7
4478,7
7452,7
4902,7
4248,7
1664,7
4524,7
4560,7
8740,7
14584,7
18784,7
3596,7
490,7
6670,7
1490,7
1154,7
4716,7
4780,7
1084,7
18968,7
2950,7
1254,7
3910,7
1730,7
4746,7
4694,7
2368,7
3812,7
1378,7
4614,7
994,7
4494,7
5562,7
5084,7
2350,7
1970,7
3864,7
5054,7
1728,7
1184,7
1362,7
6588,7
4094,7
2724,7
8470,7
7144,7
6412,7
7190,7
288,7
82,7
2970,7
4190,7
944,7
7330,7
5402,7
2628,7
898,7
6768,7
2134,7
3326,7
4434,7
94,7
2342,7
86,7
2584,7
4592,7
2336,7
5404,7
1374,7
2040,7
1268,7
1356,7
7966,7
1072,7
6772,7
4004,7
5110,7
5358,7
7208,7
7296,7
1370,7
1532,7
1158,7
4620,7
4532,7
3492,7
1810,7
7220,7
4826,7
56,7
1598,7
4402,7
10462,7
5320,7
5654,7
4894,7
10,7
6824,7
3388,7
6634,7
224,7
1942,7
6278,7
3508,7
6598,7
740,7
2164,7
62,7
3204,7
2122,7
2558,7
3700,7
4754,7
2424,7
2054,7
2208,7
2784,7
5304,7
6622,7
2690,7
3834,7
1528,7
4082,7
1508,7
2998,7
4264,7
3376,7
870,7
1638,7
3322,7
5114,7
6404,7
1980,7
4474,7
5292,7
5280,7
27376,7
6968,7
1186,7
36824,7
3200,7
4240,7
5664,7
9930,7
3988,7
3672,7
4448,7
752,7
6282,7
2004,7
5566,7
3610,7
1582,7
3990,7
5796,7
3868,7
4020,7
5520,7
5658,7
4210,7
3562,7
2612,7
4262,7
5172,7
3312,7
1766,7
8112,7
7554,7
3802,7
6698,7
1926,7
6416,6
1544,6
2402,6
9754,6
4440,6
2426,6
12664,6
1530,6
1726,6
6014,6
8010,6
6682,6
11476,6
440,6
1696,6
33984,6
7246,6
6792,6
7102,6
1042,6
724,6
5728,6
1916,6
56680,6
2226,6
2386,6
10646,6
2470,6
1514,6
3240,6
1198,6
1276,6
2332,6
4430,6
1422,6
8626,6
958,6
4766,6
4688,6
5176,6
6164,6
5210,6
4612,6
2156,6
8604,6
4492,6
2590,6
64374,6
7116,6
304,6
3850,6
3976,6
5426,6
5126,6
2150,6
93038,6
14326,6
696,6
2262,6
6082,6
8674,6
8652,6
10340,6
2904,6
7180,6
4950,6
9092,6
5542,6
5242,6
4646,6
2570,6
9254,6
2148,6
1166,6
5624,6
4676,6
9378,6
160,6
3208,6
5626,6
7466,6
7302,6
7240,6
6200,6
2862,6
1306,6
21516,6
410,6
2576,6
6648,6
5902,6
5582,6
6104,6
3830,6
5926,6
18788,6
4930,6
8032,6
11144,6
6434,6
9260,6
1782,6
3454,6
8386,6
5690,6
18958,6
7514,6
1286,6
4772,6
1180,6
5420,6
6058,6
3188,6
1336,6
7858,6
2060,6
3904,6
856,6
2186,6
3480,6
1156,6
10280,6
1102,6
1574,6
27606,6
8138,6
7132,6
5970,6
71688,6
54,6
5984,6
7284,6
55114,6
5434,6
4622,6
5944,6
4770,6
7396,6
6040,6
3284,6
9938,6
4506,6
6712,6
5372,6
2070,6
5850,6
148,6
4830,6
11728,6
6924,6
262,6
5730,6
3382,6
3342,6
4656,6
5154,6
4680,6
4466,6
5630,6
6794,6
2824,6
2866,6
6680,6
4450,6
9322,6
2086,6
6496,6
3754,6
2822,6
5138,6
3086,6
16172,6
988,6
6574,6
1070,6
4258,6
14988,6
1148,6
9010,6
5148,6
18040,6
7852,6
4908,6
6474,6
5608,6
3170,6
17536,6
592,6
3406,6
6958,6
4598,6
1128,6
1204,6
2116,6
6956,6
4976,6
926,6
5296,6
5502,6
7060,6
4206,6
6022,6
6270,6
6116,6
4840,6
4000,6
8354,6
1038,6
3500,6
6552,6
1952,6
6044,6
14180,6
5554,6
5640,6
1032,6
7058,6
2408,6
9162,6
5390,6
5672,6
7874,6
6868,6
2856,6
6558,6
4548,6
5618,6
7068,6
5004,6
5386,6
2174,6
7908,6
6580,6
5862,6
8634,6
6098,6
4432,6
2352,6
8904,6
4334,6
9660,6
1498,6
3950,6
7266,6
2098,6
5934,6
1912,6
6774,6
4782,6
198,6
8670,6
4244,6
5336,6
1312,6
3082,6
7332,6
2844,6
2962,6
1564,6
2140,6
10076,6
12794,6
8534,6
4714,6
5352,6
6576,6
3906,6
6914,6
1006,6
1202,6
6358,6
3844,6
1590,6
4192,6
3960,6
236,6
5868,6
4558,6
2050,6
7174,6
19506,6
2028,6
8880,6
2720,6
2124,6
1774,6
850,6
6348,6
4790,6
6420,6
4630,5
5880,5
1194,5
1398,5
2232,5
4934,5
1050,5
11286,5
5468,5
5632,5
5714,5
5732,5
11058,5
4926,5
7242,5
2676,5
1860,5
12486,5
6182,5
6204,5
5612,5
1232,5
10918,5
5588,5
1920,5
81636,5
1434,5
7434,5
9854,5
6632,5
17990,5
6720,5
948,5
1252,5
15082,5
5504,5
1116,5
3446,5
14710,5
11048,5
3280,5
6064,5
10020,5
3180,5
930,5
8372,5
9130,5
2194,5
5200,5
5256,5
11542,5
8014,5
4226,5
6292,5
2092,5
5616,5
4978,5
5602,5
5328,5
4088,5
4730,5
36484,5
14012,5
5330,5
1404,5
8144,5
1170,5
5766,5
4674,5
5248,5
9192,5
6678,5
11604,5
15330,5
6368,5
16964,5
3404,5
4594,5
13184,5
2966,5
3304,5
8168,5
4060,5
5898,5
5742,5
6414,5
6542,5
4684,5
5128,5
7562,5
1318,5
1124,5
4660,5
2188,5
3270,5
8878,5
5964,5
7210,5
8280,5
4576,5
4996,5
5704,5
6886,5
5174,5
6446,5
11372,5
9904,5
8440,5
4866,5
3416,5
3414,5
2476,5
5198,5
762,5
1644,5
3768,5
4426,5
5908,5
4476,5
6796,5
4342,5
1080,5
7414,5
3980,5
6606,5
8894,5
4804,5
4988,5
5786,5
4844,5
2192,5
4606,5
64,5
5878,5
6078,5
5636,5
5872,5
7708,5
4828,5
4304,5
4312,5
11052,5
10762,5
7580,5
2884,5
4608,5
4534,5
5102,5
8882,5
6692,5
9964,5
7608,5
8930,5
2416,5
3178,5
3046,5
5854,5
6038,5
11802,5
4774,5
3846,5
2146,5
6536,5
3458,5
4618,5
5646,5
2008,5
3206,5
3814,5
5836,5
872,5
5186,5
9360,5
9936,5
1606,5
6100,5
6298,5
9414,5
6046,5
4698,5
2648,5
10062,5
2618,5
9210,5
6810,5
11908,5
6092,5
5544,5
5120,5
5306,5
10188,5
7844,5
5844,5
13260,5
1806,5
9952,5
1850,5
2992,5
328,5
8050,5
6964,5
7504,5
4946,5
78644,5
1000,5
1220,5
3400,5
6668,5
10428,5
12806,5
4530,5
5744,5
4638,5
4834,5
15052,5
2078,5
5986,5
6586,5
8926,5
2410,5
4514,5
3956,5
3958,5
6744,5
5904,5
5160,5
1108,5
2790,5
5168,5
18076,5
3736,5
3196,5
4350,5
4878,5
6890,5
2466,5
5338,5
5820,5
6190,5
8314,5
7354,5
9154,5
2166,5
6762,5
10444,5
8082,5
4854,5
5046,5
2184,5
5220,5
3948,5
5530,5
10616,5
9948,5
10414,5
4960,5
3658,5
90,5
4328,5
8922,5
1936,5
9098,5
6478,5
9488,5
992,5
2346,5
4752,5
4954,5
7820,5
6850,5
4850,5
8686,5
2840,5
8588,5
3604,5
3952,5
6790,5
7640,5
6822,5
2022,5
5832,5
6290,5
8754,5
3582,5
5952,5
3600,5
3008,5
2788,5
4500,5
2400,5
1940,5
192,5
5558,5
3860,5
7746,5
4550,5
5000,5
8496,5
27628,5
15462,5
4942,5
5314,5
6778,5
5002,5
6898,5
12228,5
8948,5
9448,5
8958,5
4924,5
7962,5
4600,5
6770,5
8340,5
98,5
6892,5
7714,5
6158,5
5236,5
7064,5
5208,5
5910,5
4322,5
17780,5
6066,5
35520,5
10708,5
1360,5
9370,5
12018,5
5694,5
6072,5
9690,5
9274,4
17758,4
9410,4
9036,4
4542,4
8860,4
5718,4
1188,4
7170,4
6374,4
18272,4
7186,4
6594,4
10408,4
24812,4
4784,4
9646,4
7156,4
81358,4
3918,4
134938,4
1732,4
4338,4
16148,4
7732,4
6602,4
10350,4
1712,4
6888,4
6538,4
4556,4
12832,4
9368,4
10100,4
12332,4
5074,4
10954,4
6322,4
5424,4
58850,4
9982,4
77642,4
10660,4
10818,4
21476,4
9176,4
5912,4
8128,4
6856,4
2820,4
4330,4
5476,4
7346,4
5254,4
6936,4
8070,4
3374,4
8786,4
832,4
5522,4
6324,4
9932,4
3872,4
4992,4
6148,4
5574,4
3490,4
8504,4
17412,4
6838,4
6114,4
4604,4
2360,4
5816,4
6150,4
6740,4
5430,4
7566,4
5184,4
12126,4
7056,4
7426,4
4480,4
6006,4
19782,4
9364,4
5734,4
36886,4
6432,4
6124,4
5188,4
6106,4
8174,4
2574,4
9148,4
6884,4
5824,4
8118,4
1100,4
6882,4
6438,4
23074,4
8834,4
5428,4
7884,4
1414,4
1812,4
6154,4
13846,4
3474,4
146,4
7366,4
2090,4
13296,4
2044,4
4990,4
5118,4
9958,4
3030,4
6860,4
15250,4
6370,4
6192,4
10220,4
8742,4
5214,4
5264,4
8398,4
6710,4
6004,4
4442,4
6024,4
4958,4
5556,4
2838,4
8520,4
3478,4
6464,4
7572,4
5418,4
193962,4
9916,4
6002,4
6268,4
11548,4
814,4
9666,4
1962,4
8012,4
6048,4
6042,4
5310,4
2168,4
7868,4
13268,4
1168,4
2972,4
41356,4
5130,4
4650,4
5782,4
4706,4
5806,4
4632,4
5590,4
3194,4
29856,4
33958,4
7230,4
6142,4
9844,4
6168,4
5090,4
6236,4
1120,4
3078,4
14990,4
1554,4
5716,4
4874,4
2024,4
10648,4
12342,4
5438,4
7158,4
8262,4
7066,4
7556,4
8210,4
3944,4
6650,4
6386,4
5634,4
5804,4
84,4
10446,4
4670,4
7910,4
4786,4
8700,4
4566,4
31738,4
13988,4
6096,4
16398,4
912,4
11226,4
5260,4
8898,4
1932,4
7508,4
9864,4
5936,4
5526,4
1014,4
5196,4
82234,4
7362,4
5702,4
2942,4
8282,4
8598,4
7770,4
7618,4
9726,4
70930,4
6986,4
5722,4
5712,4
10980,4
7482,4
93374,4
11118,4
5754,4
7594,4
35536,4
8810,4
56368,4
6526,4
4734,4
6220,4
1236,4
56586,4
10756,4
2052,4
6600,4
6530,4
5094,4
5410,4
94472,4
1578,4
5814,4
6428,4
12816,4
4572,4
9640,4
4644,4
5538,4
4778,4
77632,4
49082,4
13752,4
37788,4
8094,4
6458,4
5838,4
9774,4
14556,4
8418,4
17998,4
10080,4
7546,4
6584,4
6036,4
12120,4
9626,4
6194,4
80444,4
1614,4
9980,4
5764,4
5528,4
9242,4
7622,4
4712,4
4858,4
47388,4
4546,4
7606,4
15714,4
13842,4
4904,4
14484,4
6366,4
6028,4
7084,4
10060,4
7112,4
4318,4
10740,4
4870,4
4842,4
11564,4
9828,4
4602,4
6620,4
1104,4
11486,4
6616,4
6662,4
20530,4
11708,4
13650,4
6020,4
3380,4
16184,4
8726,4
6146,4
5688,4
5708,4
7880,4
16794,4
6704,4
6338,4
23914,4
6250,4
9226,4
74498,4
6326,4
1126,4
8582,4
11392,4
6208,4
4696,4
6610,4
3570,4
8730,4
7110,4
8072,4
5578,4
8250,4
7612,4
9262,4
5396,4
7540,4
1706,4
97106,4
5096,4
7032,4
7142,4
8608,4
4470,4
5178,4
7544,4
7774,4
5350,4
8004,4
5788,4
8946,4
20036,4
7446,4
4468,4
5596,4
5864,4
1348,4
19814,4
7700,4
1986,4
7534,4
3586,4
1792,4
4764,4
5066,4
4710,4
5988,4
3096,4
8098,4
13168,4
8560,4
5950,4
5748,4
4636,4
5018,4
7660,4
8680,4
16698,4
5302,4
5674,4
10816,4
10200,4
17740,4
13274,4
6198,4
5776,4
6532,4
9190,4
306,4
12076,4
7518,4
11794,4
5894,4
6230,4
8230,4
1966,4
11124,4
12118,4
8804,4
9056,4
6288,4
13182,4
4540,4
11294,4
7598,4
5606,4
6608,4
5388,4
9922,4
7244,4
6952,4
6342,4
11530,4
80524,4
5580,4
4744,4
6562,4
6636,4
6572,4
2038,4
134050,4
9076,4
6984,4
8988,4
1172,4
720,4
66830,4
11056,4
11322,4
6390,4
4242,4
8956,4
3502,4
2944,4
10854,4
6264,4
7288,4
5662,4
5194,4
20512,4
6618,4
4196,4
6214,4
4326,4
8658,4
6180,4
4986,4
7468,4
12432,4
8304,4
11836,4
9292,3
2354,3
8110,3
7836,3
10750,3
4812,3
6498,3
6130,3
2026,3
2320,3
7860,3
11174,3
33994,3
20034,3
4726,3
860,3
8232,3
6938,3
7278,3
14554,3
5422,3
7120,3
362,3
6798,3
15858,3
5518,3
9838,3
9394,3
9814,3
10054,3
15820,3
5670,3
10718,3
7392,3
9372,3
12966,3
11358,3
6248,3
10862,3
9366,3
8562,3
5604,3
17102,3
5360,3
3192,3
8772,3
11500,3
6656,3
9882,3
5516,3
5906,3
9478,3
11940,3
12318,3
13806,3
11252,3
6460,3
6300,3
6224,3
8788,3
8422,3
5948,3
6844,3
9318,3
4860,3
10878,3
8248,3
5710,3
8628,3
5762,3
4984,3
4582,3
9468,3
11576,3
9510,3
6554,3
8728,3
6550,3
10396,3
4872,3
11856,3
9620,3
8024,3
6592,3
11858,3
10752,3
7092,3
6752,3
6450,3
7020,3
6950,3
6966,3
7256,3
9400,3
5548,3
864,3
5818,3
6934,3
6070,3
5622,3
13338,3
5660,3
8814,3
1796,3
2858,3
3084,3
3412,3
1768,3
4888,3
7720,3
8892,3
8104,3
10620,3
100,3
1626,3
5146,3
6440,3
7104,3
8274,3
4544,3
8400,3
74,3
7810,3
6152,3
2016,3
6470,3
10266,3
4922,3
6344,3
10760,3
7558,3
7630,3
738,3
9380,3
1516,3
5564,3
4672,3
4578,3
7400,3
4498,3
40934,3
17502,3
10694,3
7286,3
4520,3
4868,3
32666,3
4948,3
7952,3
9664,3
28996,3
5696,3
18844,3
9622,3
9578,3
7692,3
7574,3
85478,3
7742,3
8510,3
66686,3
10998,3
10034,3
18990,3
32284,3
1692,3
14860,3
2012,3
27756,3
8990,3
4552,3
46168,3
12920,3
11944,3
33626,3
5382,3
5356,3
13258,3
32496,3
13272,3
11816,3
4932,3
7340,3
7192,3
157678,3
8656,3
10276,3
41820,3
6910,3
6972,3
9392,3
42144,3
12050,3
14390,3
5414,3
7460,3
6174,3
18560,3
7898,3
13440,3
9672,3
11870,3
5088,3
11042,3
7040,3
9998,3
6392,3
4538,3
11544,3
8832,3
8830,3
10376,3
4212,3
49860,3
7382,3
19962,3
9252,3
7668,3
5976,3
5966,3
2684,3
8078,3
7378,3
7592,3
10928,3
9598,3
8194,3
8156,3
4536,3
3932,3
5006,3
9714,3
4912,3
6118,3
5230,3
6834,3
5870,3
78868,3
9416,3
6102,3
8714,3
6982,3
5240,3
10196,3
32514,3
16766,3
8888,3
5412,3
9992,3
7886,3
6380,3
10736,3
9328,3
109084,3
6724,3
6718,3
6316,3
5340,3
12974,3
10910,3
5142,3
69514,3
9224,3
7182,3
28094,3
17886,3
6548,3
9612,3
9684,3
5086,3
38702,3
29980,3
89616,3
9374,3
11472,3
9444,3
7958,3
7604,3
6262,3
8612,3
8254,3
9234,3
6212,3
59054,3
8984,3
7590,3
7748,3
35888,3
9656,3
47780,3
7216,3
6750,3
9044,3
9408,3
6876,3
7172,3
8708,3
7258,3
24096,3
5614,3
4692,3
17018,3
13520,3
13642,3
11306,3
8268,3
11070,3
7690,3
3476,3
37290,3
18660,3
4628,3
9986,3
6756,3
7846,3
9300,3
15280,3
5560,3
11950,3
8524,3
9914,3
5362,3
27078,3
7762,3
10742,3
11724,3
84800,3
8200,3
3924,3
6962,3
8166,3
14560,3
26904,3
7028,3
10160,3
9476,3
21270,3
6626,3
10006,3
34930,3
8008,3
5406,3
9852,3
7406,3
10872,3
9990,3
8640,3
57754,3
15086,3
7842,3
9572,3
6384,3
5794,3
6010,3
4928,3
10618,3
7784,3
5996,3
13398,3
25886,3
5750,3
68330,3
20366,3
12744,3
12662,3
11716,3
8238,3
38338,3
6252,3
6330,3
1142,3
64122,3
8276,3
8224,3
8512,3
7464,3
21746,3
13370,3
8766,3
17840,3
14574,3
94304,3
6942,3
6050,3
5930,3
7492,3
8630,3
1010,3
6016,3
5218,3
11744,3
11080,3
14768,3
11618,3
6582,3
11408,3
12710,3
20566,3
7368,3
8252,3
8336,3
6568,3
8140,3
10482,3
9230,3
10356,3
3664,3
12554,3
172,3
7336,3
6140,3
6170,3
41044,3
10206,3
4836,3
10478,3
7904,3
5888,3
4880,3
4516,3
13040,3
13246,3
11494,3
9320,3
12642,3
8158,3
9310,3
11830,3
22552,3
4200,3
226,3
6748,3
9258,3
40452,3
7582,3
5972,3
3174,3
8940,3
7334,3
3464,3
5946,3
6508,3
10074,3
6764,3
4456,3
2058,3
8074,3
5400,3
165768,3
10234,3
11332,3
7214,3
5368,3
10532,3
7430,3
13620,3
9636,3
13350,3
5594,3
8410,3
3316,3
5374,3
2114,3
16300,3
13360,3
11980,3
7196,3
61070,3
9000,3
20494,3
15022,3
1098,3
9128,3
8872,3
13212,3
7006,3
11790,3
9122,3
7306,3
1594,3
6484,3
6812,3
9186,3
6346,3
6488,3
8062,3
8300,3
9050,3
10874,3
36542,3
7476,3
10362,3
2890,3
7538,3
8318,3
6872,3
5144,3
92772,3
5380,3
6436,3
4642,3
6852,3
11896,3
11062,3
5534,3
6186,3
7408,3
11084,3
41704,3
6902,3
13972,3
9256,3
8150,3
11792,3
4416,3
5216,3
598,3
4014,3
4204,3
7988,3
9808,3
3282,3
6176,3
8420,3
7942,3
5638,3
6424,3
1332,3
4588,3
6830,3
5532,3
6286,3
7176,3
7136,3
7388,3
3602,3
16586,3
36754,3
3660,3
5684,3
12870,3
5584,3
81488,3
2076,3
2572,3
6294,3
10324,3
6026,3
6444,3
5416,3
6522,3
15914,3
1074,3
42678,3
32376,3
10812,3
6700,3
5932,3
13662,2
6136,2
4832,2
9436,2
115690,2
7510,2
8108,2
9272,2
20156,2
45424,2
8710,2
13890,2
6084,2
13210,2
11916,2
9494,2
12622,2
15286,2
15868,2
6258,2
37688,2
5858,2
207328,2
76474,2
8356,2
9760,2
12048,2
6946,2
4864,2
1322,2
10304,2
21760,2
17240,2
23164,2
6302,2
18412,2
9006,2
155138,2
12522,2
8116,2
78730,2
15552,2
13938,2
6540,2
9382,2
8124,2
9108,2
12198,2
6894,2
8764,2
99410,2
5308,2
12012,2
29832,2
5990,2
15878,2
7602,2
80272,2
7570,2
71930,2
7816,2
7888,2
10156,2
66444,2
66518,2
14404,2
6974,2
8616,2
11344,2
43220,2
7496,2
7890,2
7088,2
8518,2
8088,2
8456,2
10544,2
50080,2
7124,2
30640,2
6246,2
8122,2
13918,2
8530,2
5682,2
9250,2
5392,2
9008,2
5680,2
7498,2
4436,2
13600,2
9716,2
19002,2
14636,2
74280,2
9910,2
60278,2
8220,2
6266,2
9402,2
14306,2
11778,2
6994,2
7100,2
12282,2
21888,2
9038,2
11114,2
14178,2
10940,2
7974,2
16166,2
23106,2
13772,2
13680,2
9634,2
25750,2
9240,2
14558,2
8822,2
9658,2
11182,2
9704,2
6360,2
8912,2
9074,2
20528,2
10732,2
14722,2
9388,2
8162,2
12322,2
13684,2
5234,2
10774,2
5078,2
5998,2
7134,2
7734,2
8954,2
9654,2
11238,2
15116,2
8204,2
8402,2
14820,2
10590,2
115774,2
5798,2
9110,2
9084,2
39084,2
9094,2
4332,2
55022,2
30910,2
46610,2
70388,2
8028,2
7906,2
12440,2
8388,2
7376,2
9288,2
8890,2
10056,2
13202,2
12314,2
4944,2
11176,2
5070,2
37706,2
4422,2
8056,2
8752,2
8068,2
7178,2
5678,2
38546,2
9860,2
7948,2
30104,2
4974,2
85540,2
9314,2
11606,2
4690,2
6172,2
9180,2
11166,2
16664,2
18724,2
77288,2
11440,2
15108,2
8600,2
19282,2
15494,2
18402,2
5376,2
8034,2
131204,2
60658,2
15234,2
12310,2
8778,2
33836,2
14940,2
8228,2
127362,2
4822,2
69982,2
26564,2
85422,2
76378,2
89242,2
11998,2
12436,2
16084,2
6628,2
6132,2
11324,2
8826,2
7108,2
10442,2
4816,2
11288,2
8216,2
6402,2
5398,2
5958,2
6138,2
10934,2
4348,2
5810,2
16472,2
12546,2
14322,2
9194,2
5978,2
5916,2
6442,2
4876,2
7206,2
6676,2
11228,2
9454,2
11640,2
11820,2
8222,2
13256,2
15162,2
16102,2
8606,2
7076,2
5954,2
17086,2
12304,2
14638,2
11650,2
9058,2
11826,2
10398,2
7018,2
7828,2
7956,2
14808,2
10370,2
8526,2
21268,2
10614,2
13882,2
9608,2
11636,2
6088,2
15882,2
9764,2
9268,2
7314,2
28634,2
9542,2
16712,2
9054,2
6920,2
7322,2
5792,2
5928,2
14648,2
10244,2
10906,2
10230,2
16180,2
11030,2
8480,2
9308,2
8796,2
6472,2
10360,2
11862,2
8672,2
11060,2
6816,2
7840,2
8154,2
8134,2
2686,2
11138,2
10672,2
17142,2
12094,2
5394,2
7030,2
2854,2
12732,2
6694,2
9334,2
7410,2
8924,2
16522,2
12802,2
19094,2
8132,2
9266,2
7756,2
1164,2
15560,2
7420,2
6184,2
6062,2
18736,2
6916,2
12670,2
10008,2
9134,2
11152,2
12640,2
9602,2
8800,2
9940,2
7854,2
13176,2
7914,2
12736,2
9534,2
9072,2
17612,2
5914,2
6332,2
9238,2
10810,2
6162,2
8828,2
10174,2
5568,2
9236,2
8182,2
7654,2
7096,2
6406,2
8136,2
7802,2
6992,2
15008,2
15304,2
7560,2
9212,2
17284,2
10556,2
8884,2
8370,2
15564,2
96,2
10286,2
8794,2
4574,2
7964,2
10316,2
6604,2
6820,2
5432,2
5140,2
13570,2
6012,2
6242,2
10352,2
5072,2
10734,2
7130,2
5812,2
10430,2
10770,2
10586,2
16104,2
7760,2
5856,2
11748,2
10104,2
14164,2
7260,2
6462,2
11732,2
11280,2
11806,2
11510,2
8566,2
16996,2
9112,2
9080,2
5238,2
13876,2
5770,2
16050,2
11558,2
6506,2
7796,2
9644,2
5092,2
20312,2
13818,2
11260,2
14942,2
11924,2
15222,2
9710,2
13502,2
8362,2
8384,2
12568,2
2074,2
13262,2
7094,2
10072,2
16616,2
15212,2
13576,2
7356,2
5790,2
10856,2
8702,2
8852,2
10746,2
14220,2
21252,2
22974,2
13744,2
7550,2
7128,2
9944,2
9928,2
10908,2
11020,2
6534,2
7292,2
8542,2
8684,2
32542,2
7086,2
5322,2
8196,2
18700,2
8214,2
7798,2
5650,2
13942,2
12598,2
10052,2
8042,2
92,2
4590,2
5348,2
12778,2
11126,2
13326,2
10968,2
14258,2
23506,2
13534,2
9884,2
10472,2
20448,2
9876,2
8212,2
12036,2
5774,2
12170,2
7920,2
10078,2
20498,2
6930,2
916,2
19996,2
18794,2
10158,2
12958,2
7750,2
12132,2
11554,2
8768,2
15740,2
17906,2
13108,2
12730,2
5266,2
8408,2
7462,2
9306,2
5190,2
7436,2
7740,2
12884,2
8718,2
16966,2
7470,2
11598,2
7730,2
10864,2
6090,2
5316,2
9486,2
10754,2
6874,2
7536,2
8624,2
14874,2
7744,2
11726,2
24408,2
9552,2
2388,2
62592,2
225380,2
7848,2
8564,2
7312,2
7626,2
8874,2
7008,2
6828,2
8942,2
19642,2
3016,2
11200,2
144384,2
14578,2
4768,2
7424,2
2,2
6940,2
14848,2
10480,2
7824,2
16536,2
6590,2
1118,2
8916,2
11506,2
74922,2
11536,2
16874,2
10744,2
17738,2
9812,2
11360,2
7648,2
9526,2
8780,2
7082,2
20848,2
5700,2
7026,2
7202,2
12532,2
12456,2
8498,2
4952,2
5982,2
8322,2
11750,2
93408,2
7970,2
44248,2
96370,2
7038,2
71662,2
44418,2
90474,2
12014,2
21406,2
25146,2
28526,2
21524,2
47742,2
71356,2
42072,2
66514,2
40260,2
144168,2
32768,2
50712,2
31762,2
66606,2
58978,2
178990,2
22776,2
7552,2
15726,2
2154,2
10592,2
9232,2
168612,2
27366,2
7706,2
486,2
12764,2
11210,2
9350,2
10966,2
7932,2
5332,2
27440,2
49446,2
11008,2
11450,2
11456,2
50482,2
40602,2
13280,2
7926,2
12686,2
11304,2
102254,2
16284,2
11074,2
19552,2
7596,2
10240,2
10986,2
9962,2
978,2
9264,2
12428,2
9810,2
8412,2
11638,2
11490,2
8532,2
15510,2
7850,2
10948,2
7902,2
5834,2
9294,2
13352,2
7016,2
8868,2
5600,2
38102,2
11948,2
9068,2
17310,2
7002,2
5378,2
7738,2
10504,2
7236,2
7872,2
5980,2
8170,2
124774,2
6476,2
5048,2
6630,2
5152,2
6546,2
63276,2
5270,2
15118,2
13276,2
8842,2
23018,2
66556,2
7782,2
8638,2
12194,2
10068,2
15758,2
17692,2
5318,2
12740,2
10168,2
10378,2
9282,2
7610,2
14938,2
13082,2
8026,2
15948,2
149772,2
94290,2
7702,2
7588,2
75600,2
48188,2
6674,2
8476,2
6664,2
8358,2
16942,2
7252,2
8406,2
5370,2
9152,2
9580,2
9504,2
3358,2
8746,2
5058,2
10264,2
13450,2
6814,2
11704,2
11390,2
11380,2
10724,2
36212,2
6308,2
10090,2
25742,2
22112,2
8992,2
25862,2
37378,2
89190,2
16520,2
21586,2
133230,2
15710,2
9216,2
20610,2
94622,2
41942,2
24978,2
31138,2
8414,2
60588,2
10466,2
16380,2
69754,2
37214,2
34024,2
103796,2
129702,2
9616,2
135160,2
73146,2
61368,2
17202,2
43102,2
38114,2
62552,2
33006,2
23066,2
40196,2
33774,2
66794,2
38638,2
144838,2
370288,2
64096,2
82978,2
91264,2
81828,2
17598,2
74510,2
31026,2
44896,2
20154,2
21548,2
58856,2
29582,2
56856,2
44708,2
38122,2
72296,2
37716,2
16954,2
22770,2
68572,2
129550,2
56446,2
27646,2
110468,2
53034,2
141952,2
71396,2
9160,2
60410,2
42762,2
36358,2
44848,2
13124,2
47456,2
43100,2
66434,2
78834,2
27712,2
16804,2
33412,2
62372,2
45302,2
17276,2
102006,2
28932,2
25874,2
47004,2
44942,2
30658,2
31964,2
53984,2
55186,2
40444,2
46660,2
21144,2
120846,2
12628,2
65542,2
37178,2
38284,2
71896,2
19786,2
37426,2
107936,2
32602,2
221982,2
48436,2
16194,2
21636,2
57644,2
57202,2
42858,2
19056,2
74906,2
127912,2
44590,2
47294,2
53952,2
30242,2
59860,2
430628,2
17154,2
91488,2
34472,2
33740,2
16776,2
66996,2
92940,2
25016,2
43898,2
203144,2
35582,2
65050,2
60458,2
51678,2
51704,2
69164,2
45586,2
21494,2
10666,2
92594,2
89522,2
21080,2
9908,2
77208,2
13760,2
83498,2
29664,2
28828,2
57860,2
49190,2
19858,2
62998,2
135316,2
41132,2
18492,2
18082,2
24290,2
65960,2
28448,2
24264,2
213142,2
15354,2
71852,2
31118,2
11110,2
38262,2
98274,2
18266,2
46232,2
116284,2
14724,2
28344,2
27496,2
39292,2
22338,2
109770,2
91630,2
11518,2
33922,2
47796,2
61854,2
16978,2
57108,2
38432,2
221178,2
13028,2
44830,2
28324,2
17132,2
11112,2
307328,2
29438,2
11354,2
8022,2
30950,2
109696,2
11974,2
34068,2
11134,2
6134,2
8602,2
18158,2
45140,2
7924,2
4526,2
16204,2
7384,2
12370,2
10282,2
8064,2
13848,2
15480,2
9332,2
11150,2
7568,2
9744,2
9244,2
10594,2
7968,2
10320,2
8020,2
8236,2
3670,2
18912,2
30010,2
8704,2
7268,2
72460,2
11656,2
13442,2
14010,2
8812,2
8294,2
6094,2
4838,2
13788,2
6202,2
10464,2
6644,2
8484,2
11892,2
14794,2
8706,2
19306,2
6426,2
5540,2
8240,2
9196,2
9202,2
9548,2
14234,2
7486,2
9554,2
24410,2
26722,2
7990,2
7272,2
10692,2
10644,2
6276,2
14798,2
52286,2
14780,2
14784,2
15032,2
11364,2
10572,2
23928,2
5162,2
5212,2
6504,2
5846,2
21338,2
16632,2
9752,2
8508,2
9324,2
9386,2
69752,2
12396,2
6216,2
6926,2
6978,2
7528,2
10894,2
12968,2
14422,2
10800,2
7054,2
6350,2
11276,2
9470,2
15220,2
9870,2
10064,2
8100,2
15982,2
7090,2
8694,2
9398,2
10392,2
11676,2
3468,2
6766,2
5760,2
12772,2
11004,2
7864,2
24562,2
5756,2
9568,2
11644,2
11796,2
10228,2
6690,2
31752,2
84920,2
7232,2
11442,2
30800,2
5842,2
6486,2
9912,2
11626,2
9942,2
12224,2
11664,2
11016,2
20,2
10004,2
9062,2
11222,2
131460,2
12328,2
5206,2
7832,2
49010,2
90124,2
6808,2
7004,2
23398,2
14160,2
9832,2
9170,2
33828,2
7438,2
9968,2
80200,2
9556,2
14296,2
9078,2
13386,2
13568,2
10454,2
24004,2
14476,2
8442,2
6736,2
27528,2
8190,2
19900,2
6878,2
268586,2
14926,2
970,2
13464,2
7440,2
13404,2
16886,2
8242,2
6076,2
11702,2
7982,2
13912,2
13418,2
23874,2
69730,2
11106,2
6802,1
126792,1
14194,1
9582,1
17868,1
61246,1
69950,1
46254,1
12616,1
9702,1
47108,1
43164,1
17572,1
138856,1
90928,1
14362,1
15214,1
15398,1
9782,1
26562,1
7752,1
14684,1
14894,1
91900,1
30328,1
39092,1
27518,1
11668,1
14540,1
10912,1
8360,1
12242,1
9498,1
11616,1
127980,1
67296,1
69152,1
10730,1
10330,1
39960,1
18218,1
19886,1
18232,1
7584,1
9892,1
15040,1
12506,1
68196,1
9040,1
6502,1
30726,1
12688,1
7472,1
90406,1
13774,1
14372,1
19908,1
36172,1
8266,1
8906,1
8054,1
7404,1
14254,1
93854,1
11560,1
40900,1
16058,1
15078,1
14546,1
40812,1
88192,1
28520,1
104916,1
51638,1
53474,1
46504,1
63642,1
10148,1
40082,1
7276,1
15990,1
16082,1
5222,1
19234,1
10070,1
35456,1
60392,1
8446,1
59290,1
8818,1
19202,1
38412,1
7024,1
65964,1
70406,1
51084,1
14464,1
7576,1
95290,1
6516,1
64752,1
13060,1
144468,1
70680,1
42114,1
15188,1
33392,1
14166,1
14202,1
69824,1
67062,1
16854,1
13428,1
102204,1
8258,1
63572,1
18572,1
21054,1
13758,1
12576,1
6364,1
15628,1
6356,1
21672,1
6074,1
33476,1
66816,1
10974,1
5940,1
17856,1
76274,1
12276,1
13434,1
10022,1
241168,1
61520,1
24742,1
5408,1
10212,1
14680,1
16028,1
21884,1
8346,1
26534,1
107346,1
11154,1
73126,1
69594,1
58380,1
9442,1
49538,1
56644,1
12258,1
93804,1
24774,1
71958,1
10314,1
7238,1
7194,1
19558,1
7166,1
10042,1
13238,1
15498,1
13376,1
43004,1
33486,1
16040,1
41422,1
16924,1
126934,1
8186,1
62806,1
7996,1
6848,1
69256,1
13224,1
319214,1
23934,1
25806,1
8614,1
14646,1
49872,1
15314,1
17374,1
37592,1
39064,1
18454,1
10424,1
7944,1
44778,1
14792,1
73486,1
53502,1
8006,1
12384,1
61192,1
10224,1
20994,1
14250,1
10888,1
85084,1
15738,1
20430,1
25476,1
7790,1
51528,1
16478,1
16856,1
5202,1
65004,1
68032,1
11566,1
13786,1
143666,1
13180,1
65090,1
11064,1
26620,1
28698,1
33374,1
24268,1
20686,1
30314,1
58704,1
22578,1
56792,1
12010,1
57908,1
26468,1
34326,1
7052,1
31478,1
10860,1
15260,1
79626,1
8592,1
22088,1
146528,1
21456,1
61596,1
12964,1
38712,1
11214,1
8662,1
20166,1
52362,1
10086,1
6596,1
27520,1
32918,1
10802,1
40904,1
18896,1
7138,1
18694,1
16142,1
53654,1
100642,1
6466,1
16796,1
10236,1
54324,1
66092,1
7074,1
11992,1
8568,1
10528,1
24994,1
7620,1
8226,1
144056,1
9390,1
8202,1
8802,1
5676,1
24864,1
8896,1
13998,1
13982,1
14022,1
24770,1
13584,1
60042,1
58818,1
16902,1
9512,1
8580,1
19276,1
49774,1
14444,1
43024,1
10634,1
68434,1
6240,1
148842,1
11290,1
27592,1
17838,1
11264,1
7980,1
57112,1
15742,1
11292,1
28304,1
9492,1
8380,1
22964,1
14102,1
196324,1
14300,1
16002,1
9846,1
16052,1
21212,1
16956,1
14658,1
26854,1
11386,1
11570,1
8120,1
32260,1
42026,1
52002,1
11026,1
53686,1
60770,1
34060,1
56500,1
35890,1
11236,1
15806,1
19620,1
21116,1
8328,1
11082,1
63014,1
30554,1
750134,1
13992,1
8500,1
10804,1
41780,1
18284,1
20748,1
161994,1
22464,1
10588,1
18428,1
158046,1
14438,1
9776,1
11240,1
19176,1
7078,1
55814,1
17774,1
13930,1
9606,1
83584,1
15776,1
92546,1
12556,1
7666,1
1862,1
15580,1
11718,1
10190,1
26662,1
9020,1
13086,1
9596,1
57098,1
62774,1
7432,1
20068,1
8188,1
36118,1
24542,1
148676,1
91104,1
9994,1
8506,1
16282,1
9218,1
87848,1
23396,1
71530,1
49878,1
10964,1
16650,1
12676,1
35448,1
5170,1
12776,1
6730,1
37106,1
32576,1
12008,1
11198,1
9168,1
43224,1
6352,1
11822,1
20458,1
21068,1
48270,1
136556,1
185728,1
54430,1
43654,1
9280,1
8178,1
8146,1
6922,1
10836,1
7118,1
10152,1
21856,1
8102,1
37916,1
13044,1
11140,1
16582,1
9792,1
9750,1
10820,1
7390,1
23440,1
10916,1
11078,1
19568,1
59072,1
14856,1
35934,1
9898,1
8090,1
44998,1
118950,1
11832,1
66710,1
38020,1
8688,1
8164,1
31462,1
6908,1
12828,1
66068,1
30940,1
10268,1
17168,1
14840,1
11330,1
91004,1
6128,1
21378,1
91228,1
19566,1
61210,1
19406,1
10960,1
44310,1
10082,1
11284,1
16402,1
13986,1
19880,1
15920,1
138562,1
28858,1
22374,1
19190,1
6234,1
21374,1
63484,1
8596,1
20432,1
10806,1
34976,1
19852,1
7680,1
5250,1
25488,1
16492,1
19518,1
7474,1
57428,1
32266,1
8126,1
6614,1
10578,1
15046,1
9052,1
67128,1
45668,1
8738,1
64448,1
11936,1
12762,1
13836,1
17602,1
65226,1
14770,1
16100,1
14384,1
14946,1
12290,1
14386,1
11092,1
5232,1
15218,1
41700,1
17004,1
10876,1
9934,1
9856,1
16962,1
119716,1
27944,1
19012,1
22208,1
16790,1
9756,1
7458,1
10938,1
4918,1
18556,1
9358,1
10562,1
11810,1
11904,1
11400,1
5768,1
9692,1
10508,1
7036,1
63996,1
15546,1
7150,1
9950,1
18600,1
6328,1
11890,1
21924,1
18648,1
11122,1
10252,1
10092,1
13768,1
18948,1
10506,1
12930,1
10990,1
9042,1
55852,1
9630,1
6382,1
80338,1
21254,1
154674,1
10946,1
80182,1
4972,1
13916,1
11094,1
21796,1
7838,1
73640,1
55720,1
11300,1
12696,1
12108,1
147046,1
7080,1
8770,1
8998,1
13958,1
13552,1
8632,1
12186,1
36116,1
23174,1
58020,1
20934,1
53298,1
9496,1
19194,1
6238,1
10728,1
9412,1
10524,1
6702,1
8218,1
74336,1
114720,1
6054,1
7146,1
71754,1
66972,1
62196,1
78208,1
9872,1
65086,1
68948,1
70416,1
23824,1
12914,1
11874,1
8234,1
19358,1
25516,1
6272,1
18802,1
19096,1
20724,1
10726,1
4882,1
24272,1
27388,1
6738,1
1580,1
13462,1
18260,1
19102,1
16810,1
7808,1
16108,1
16692,1
19794,1
12130,1
18722,1
65240,1
18818,1
7270,1
74284,1
22336,1
11722,1
12358,1
13794,1
9484,1
23870,1
10326,1
33880,1
10516,1
11204,1
15190,1
8330,1
7416,1
18310,1
5158,1
8858,1
10832,1
22878,1
7726,1
14474,1
17488,1
79184,1
21348,1
33562,1
41784,1
20266,1
63346,1
267640,1
41416,1
97870,1
8376,1
37704,1
18436,1
32788,1
33700,1
57832,1
214106,1
71398,1
45702,1
68306,1
32986,1
12760,1
26596,1
68138,1
50432,1
45000,1
86516,1
45872,1
42714,1
93852,1
20884,1
14908,1
13978,1
8636,1
11610,1
13206,1
7532,1
9326,1
11888,1
6244,1
11808,1
7918,1
6980,1
8244,1
15318,1
19562,1
90968,1
9144,1
81802,1
106598,1
63390,1
10422,1
29750,1
8676,1
26436,1
20840,1
10656,1
11614,1
26384,1
55444,1
8570,1
8528,1
16068,1
27720,1
15148,1
62306,1
15124,1
20120,1
11258,1
12434,1
27848,1
11572,1
64228,1
67266,1
9954,1
9138,1
5698,1
10016,1
15854,1
14148,1
11038,1
19808,1
16526,1
40666,1
11528,1
17470,1
30176,1
19214,1
37984,1
12540,1
127358,1
11072,1
11312,1
13466,1
20270,1
27314,1
10604,1
14930,1
30146,1
11458,1
10120,1
10216,1
10778,1
15166,1
60966,1
14576,1
290252,1
17218,1
48330,1
19864,1
11512,1
14002,1
27540,1
16064,1
62706,1
16724,1
12982,1
7646,1
10112,1
13460,1
10932,1
63904,1
11982,1
6728,1
76320,1
29130,1
69210,1
19288,1
7628,1
14582,1
17970,1
32406,1
12902,1
40834,1
57834,1
16758,1
134726,1
5150,1
13304,1
13388,1
15620,1
16760,1
14092,1
7204,1
64512,1
33092,1
17710,1
9834,1
25486,1
60390,1
21890,1
22640,1
9070,1
9618,1
72342,1
8350,1
12412,1
18570,1
14978,1
18388,1
8838,1
6494,1
10630,1
47260,1
8272,1
37516,1
13792,1
13798,1
13816,1
13810,1
13532,1
6398,1
62312,1
64640,1
14176,1
14138,1
12496,1
17096,1
22972,1
11190,1
13298,1
9604,1
9610,1
9652,1
14110,1
6864,1
81512,1
11760,1
84054,1
42256,1
11436,1
13946,1
26634,1
9862,1
13892,1
14622,1
8176,1
17368,1
30530,1
12074,1
53462,1
8366,1
120158,1
65152,1
15216,1
16838,1
10522,1
97426,1
54216,1
52014,1
31736,1
87100,1
21808,1
14612,1
11158,1
12718,1
68096,1
12250,1
12056,1
9746,1
6110,1
22926,1
11248,1
21912,1
40848,1
6726,1
6260,1
8732,1
18422,1
14490,1
30232,1
11426,1
13962,1
49440,1
26746,1
13102,1
45392,1
11766,1
65818,1
5334,1
30144,1
21434,1
7342,1
49040,1
25572,1
12626,1
12392,1
64892,1
53796,1
7226,1
17976,1
57390,1
94380,1
23772,1
66788,1
20116,1
22800,1
9662,1
14394,1
16694,1
108642,1
8514,1
73778,1
91600,1
44874,1
6112,1
9220,1
7998,1
63328,1
9338,1
7976,1
9086,1
11086,1
63252,1
64426,1
7804,1
29282,1
38400,1
27042,1
52282,1
11116,1
71192,1
18124,1
8750,1
30160,1
21668,1
9778,1
106462,1
9352,1
43850,1
31804,1
42088,1
14912,1
15464,1
7642,1
13348,1
13390,1
7636,1
8850,1
28054,1
13230,1
6334,1
17564,1
9120,1
21720,1
9586,1
19800,1
61924,1
38276,1
93532,1
71946,1
10222,1
11838,1
18110,1
14844,1
12352,1
12552,1
11978,1
11788,1
10776,1
16518,1
10564,1
13054,1
6742,1
14660,1
57034,1
66138,1
7950,1
7530,1
9530,1
9668,1
23886,1
9522,1
14846,1
72546,1
40052,1
7298,1
21284,1
14632,1
18862,1
7616,1
8692,1
11320,1
12110,1
13172,1
34562,1
23084,1
14080,1
59722,1
7922,1
12172,1
7694,1
22000,1
10250,1
44934,1
10194,1
190164,1
9500,1
64038,1
21824,1
15664,1
11464,1
12138,1
13110,1
31296,1
14816,1
12142,1
60836,1
15134,1
23250,1
5822,1
32430,1
10922,1
10890,1
24792,1
15910,1
8952,1
86740,1
12748,1
8744,1
18790,1
15468,1
111172,1
11894,1
10608,1
9472,1
9924,1
13364,1
4856,1
18496,1
7834,1
7792,1
22766,1
10606,1
13130,1
7992,1
14416,1
8908,1
14570,1
13626,1
14358,1
17464,1
14452,1
16684,1
18262,1
6858,1
15224,1
19706,1
19950,1
7624,1
10886,1
14152,1
5106,1
9878,1
17880,1
14324,1
10044,1
14564,1
11216,1
14956,1
20628,1
10714,1
892,1
12268,1
8278,1
14072,1
7034,1
20184,1
15674,1
8084,1
16968,1
11424,1
8040,1
12562,1
14382,1
7674,1
10496,1
8950,1
19304,1
8820,1
12448,1
11136,1
8444,1
8660,1
17932,1
5726,1
9824,1
9708,1
13770,1
26538,1
13738,1
9362,1
9802,1
16652,1
18720,1
16344,1
18966,1
14984,1
16598,1
26894,1
15492,1
20560,1
20516,1
7148,1
10978,1
10132,1
5720,1
24202,1
6954,1
6452,1
6708,1
17452,1
7422,1
12452,1
20830,1
11872,1
6448,1
12750,1
13850,1
11382,1
16798,1
10790,1
12990,1
11690,1
11720,1
10456,1
15606,1
23966,1
23998,1
24486,1
15276,1
12022,1
9480,1
9722,1
9462,1
7154,1
10262,1
8974,1
17238,1
9648,1
11522,1
18664,1
13198,1
18112,1
19180,1
11394,1
18,1
17112,1
18666,1
9146,1
8976,1
10784,1
9880,1
14690,1
11120,1
9730,1
7386,1
7374,1
8816,1
15588,1
11488,1
5960,1
14364,1
12594,1
12360,1
17702,1
8036,1
17900,1
16414,1
21692,1
18908,1
18942,1
18300,1
13282,1
17158,1
11230,1
17652,1
7372,1
10384,1
16566,1
10834,1
8650,1
8502,1
11224,1
16404,1
9584,1
15308,1
13152,1
10924,1
8836,1
8846,1
7160,1
11552,1
18210,1
16570,1
8724,1
11752,1
12038,1
12058,1
7478,1
15578,1
8256,1
15084,1
14520,1
6854,1
15360,1
18796,1
122810,1
14580,1
12362,1
81130,1
7488,1
18812,1
14396,1
22812,1
37244,1
17222,1
45182,1
12064,1
13762,1
26928,1
21454,1
10098,1
13208,1
17388,1
16440,1
13498,1
12674,1
6056,1
11446,1
16656,1
13906,1
10170,1
8058,1
15888,1
7866,1
21410,1
9482,1
14256,1
8784,1
14172,1
17606,1
18918,1
8246,1
16544,1
17016,1
12260,1
8374,1
12438,1
18134,1
6686,1
9866,1
8964,1
8308,1
7928,1
7500,1
11496,1
7686,1
8558,1
15310,1
5724,1
15782,1
10150,1
14132,1
10312,1
19790,1
9820,1
17590,1
14734,1
16534,1
8736,1
17334,1
12654,1
72,1
12592,1
9270,1
16192,1
11328,1
13748,1
9418,1
13114,1
9624,1
10088,1
12100,1
13052,1
7300,1
13068,1
16484,1
6456,1
14432,1
18652,1
8966,1
13170,1
7916,1
12842,1
12830,1
17050,1
11502,1
14750,1
19472,1
60,1
10274,1
13796,1
3922,1
9246,1
20728,1
27880,1
20876,1
6376,1
9114,1
6842,1
12134,1
13020,1
10474,1
10468,1
23982,1
6960,1
8066,1
18488,1
12734,1
13616,1
10570,1
8,1
7826,1
11010,1
8944,1
18566,1
11934,1
17570,1
18632,1
24252,1
9406,1
6996,1
20084,1
10404,1
6688,1
13720,1
11956,1
10096,1
12196,1
10202,1
6336,1
11850,1
14696,1
9474,1
14440,1
13716,1
12780,1
70,1
18178,1
20376,1
17266,1
15100,1
14308,1
13714,1
30506,1
10898,1
8774,1
10366,1
14162,1
8928,1
13080,1
9312,1
9336,1
19992,1
13354,1
7818,1
11706,1
12298,1
10794,1
10066,1
9404,1
18020,1
8478,1
11278,1
7326,1
8172,1
13820,1
7788,1
11714,1
10380,1
11032,1
7722,1
7290,1
16460,1
16170,1
11738,1
12866,1
7222,1
9766,1
10602,1
6314,1
11054,1
11846,1
14446,1
23186,1
11734,1
17400,1
8762,1
12450,1
8428,1
7684,1
14624,1
6818,1
12278,1
8668,1
11844,1
7484,1
12000,1
16554,1
23514,1
10010,1
16244,1
13638,1
8052,1
14268,1
8734,1
11756,1
8092,1
9562,1
12420,1
6638,1
6906,1
13580,1
7954,1
30704,1
14418,1
11906,1
6362,1
10662,1
18992,1
20062,1
14120,1
10438,1
19528,1
5262,1
21086,1
8306,1
11746,1
11046,1
10826,1
4998,1
14226,1
16428,1
22452,1
15668,1
10650,1
10668,1
18226,1
10470,1
12368,1
9900,1
8808,1
21874,1
6866,1
20790,1
13446,1
10368,1
9174,1
9712,1
11824,1
14800,1
6660,1
6706,1
15448,1
18324,1
9016,1
13374,1
14538,1
13106,1
6760,1
10292,1
9022,1
9002,1
11842,1
7308,1
21262,1
21240,1
11814,1
5628,1
10058,1
11146,1
10652,1
6900,1
16438,1
12230,1
10026,1
10388,1
13422,1
11984,1
15666,1
7444,1
11384,1
19934,1
13316,1
14592,1
15450,1
13216,1
17012,1
13362,1
15140,1
22280,1
13196,1
17866,1
13190,1
12538,1
14492,1
8648,1
13194,1
7282,1
13036,1
13346,1
5826,1
13366,1
14534,1
13112,1
28016,1
8086,1
11700,1
8824,1
6684,1
7316,1
28222,1
23954,1
16368,1
17100,1
12716,1
17700,1
7650,1
20248,1
13358,1
17778,1
15390,1
20460,1
20700,1
6454,1
12040,1
16362,1
11096,1
13874,1
15836,1
7512,1
11034,1
9674,1
8404,1
24242,1
26730,1
8654,1
10808,1
7664,1
10792,1
9698,1
14140,1
8344,1
15638,1
10520,1
15736,1
742,1
15210,1
13482,1
9430,1
12214,1
8864,1
15496,1
17524,1
6970,1
8464,1
15182,1
9150,1
15422,1
12098,1
15406,1
7994,1
9736,1
15812,1
11196,1
16944,1
12182,1
14790,1
16384,1
9248,1
7542,1
4586,1
6378,1
8492,1
12488,1
14786,1
8310,1
12792,1
9836,1
13122,1
10628,1
14500,1
10712,1
6372,1
9696,1
11208,1
11954,1
13704,1
18384,1
11516,1
13536,1
26560,1
39170,1
101010,1
65948,1
7766,1
24890,1
58346,1
14850,1
12638,1
33690,1
8666,1
32020,1
67456,1
73642,1
9772,1
5772,1
11090,1
63912,1
32184,1
18962,1
18598,1
18672,1
23988,1
59064,1
7704,1
14532,1
12728,1
12746,1
10976,1
11736,1
12862,1
28028,1
23956,1
12402,1
7632,1
2348,1
11534,1
12916,1
16012,1
5346,1
59924,1
5962,1
90552,1
11432,1
8390,1
71352,1
34250,1
56494,1
24796,1
69294,1
14232,1
61280,1
49770,1
8590,1
14014,1
78584,1
60094,1
54574,1
7162,1
7324,1
11782,1
73662,1
12062,1
31796,1
26654,1
16502,1
7310,1
8986,1
35022,1
91414,1
28162,1
18378,1
361156,1
13866,1
27398,1
31766,1
8462,1
50962,1
17214,1
31126,1
13166,1
13506,1
10988,1
91054,1
31426,1
10374,1
25170,1
12668,1
11800,1
98948,1
28468,1
12582,1
44988,1
40292,1
19672,1
21424,1
134282,1
10338,1
38878,1
72600,1
9304,1
12248,1
9786,1
15662,1
18714,1
15706,1
49420,1
20716,1
25468,1
12178,1
15752,1
7934,1
165064,1
32916,1
8482,1
16848,1
16984,1
10192,1
10204,1
11282,1
17472,1
13284,1
37282,1
13278,1
13200,1
5056,1
7184,1
7662,1
16604,1
15536,1
58986,1
47724,1
20142,1
9502,1
176138,1
15842,1
14342,1
35882,1
141206,1
11754,1
45296,1
12206,1
31818,1
38078,1
15974,1
11988,1
20004,1
14944,1
24806,1
25102,1
7736,1
40820,1
30020,1
9514,1
19768,1
26604,1
18578,1
8856,1
8544,1
27346,1
22074,1
28150,1
65014,1
11142,1
12808,1
7454,1
11972,1
15902,1
11742,1
13558,1
11336,1
9330,1
9096,1
8494,1
39330,1
35092,1
15716,1
43890,1
10538,1
10014,1
9758,1
16356,1
5942,1
13188,1
12330,1
13154,1
33946,1
48344,1
14352,1
30142,1
42096,1
10914,1
8396,1
357914,1
27938,1
6312,1
13908,1
66174,1
14830,1
95956,1
9100,1
13474,1
75402,1
19898,1
33954,1
7946,1
15228,1
11578,1
14436,1
11468,1
13604,1
6000,1
6928,1
21602,1
9376,1
12692,1
79294,1
31592,1
12814,1
11688,1
26140,1
5994,1
12286,1
36080,1
18938,1
18704,1
18710,1
14810,1
22466,1
26760,1
13808,1
15856,1
17024,1
16538,1
8586,1
15094,1
36436,1
9544,1
18656,1
68068,1
15174,1
7696,1
53274,1
7586,1
30478,1
165428,1
38648,1
54268,1
59358,1
10584,1
25710,1
8538,1
100180,1
71434,1
55518,1
9780,1
16480,1
57566,1
23898,1
91396,1
17402,1
49984,1
58274,1
22932,1
22954,1
26684,1
9540,1
21942,1
24314,1
21442,1
7516,1
7614,1
10488,1
13004,1
24022,1
8290,1
64814,1
5570,1
57764,1
11012,1
14290,1
16980,1
12252,1
75332,1
16074,1
31046,1
16540,1
15058,1
7862,1
33780,1
15640,1
80508,1
20302,1
8416,1
14340,1
16528,1
14966,1
13148,1
13356,1
19494,1
38528,1
7394,1
18188,1
15128,1
131230,1
37364,1
93120,1
6896,1
16240,1
35924,1
16254,1
14970,1
58794,1
21006,1
17950,1
15890,1
31888,1
10432,1
12470,1
74282,1
28224,1
32182,1
21010,1
35106,1
27152,1
12390,1
49372,1
9594,1
33578,1
26440,1
24186,1
8324,1
30756,1
56960,1
65448,1
91484,1
88072,1
78888,1
6400,1
10290,1
13242,1
20472,1
109964,1
30868,1
10436,1
31340,1
8540,1
62058,1
31814,1
27920,1
69788,1
17604,1
17882,1
8798,1
10546,1
15380,1
106194,1
60638,1
20428,1
30312,1
254558,1
12424,1
73174,1
31648,1
37874,1
7274,1
8466,1
66130,1
30654,1
53362,1
384144,1
31078,1
21016,1
42498,1
7794,1
103878,1
41466,1
31910,1
15790,1
73160,1
42148,1
21070,1
28486,1
16106,1
11588,1
187746,1
41324,1
79552,1
7328,1
98056,1
31344,1
48808,1
14630,1
22546,1
32190,1
51964,1
68292,1
9346,1
39398,1
25928,1
57372,1
69528,1
35178,1
15846,1
17552,1
8468,1
12326,1
34332,1
130872,1
17712,1
17244,1
68558,1
27664,1
11018,1
18540,1
10122,1
7044,1
19626,1
12004,1
77992,1
68810,1
60066,1
18206,1
40180,1
53734,1
11880,1
15816,1
59904,1
8016,1
25662,1
11900,1
18824,1
14892,1
7786,1
19226,1
20468,1
14868,1
8424,1
17736,1
9182,1
15012,1
28364,1
7050,1
25374,1
59784,1
13780,1
15296,1
15090,1
9466,1
11192,1
95378,1
47000,1
73090,1
18366,1
161984,1
18916,1
20992,1
11696,1
17500,1
12044,1
61306,1
118278,1
21192,1
56432,1
7806,1
4982,1
46140,1
10318,1
17184,1
93282,1
5576,1
24174,1
15678,1
8914,1
27954,1
45172,1
75958,1
26664,1
57596,1
19192,1
52604,1
13484,1
7656,1
23716,1
69742,1
20524,1
68880,1
18920,1
67164,1
15312,1
8382,1
18450,1
8866,1
90398,1
124936,1
25576,1
7380,1
8574,1
7548,1
36322,1
97352,1
77792,1
6524,1
37260,1
7364,1
20988,1
51854,1
23804,1
14904,1
10566,1
160564,1
69932,1
28498,1
10116,1
60868,1
7800,1
17660,1
24880,1
8978,1
7578,1
11996,1
16818,1
91044,1
47838,1
13118,1
6528,1
87712,1
34544,1
8862,1
23816,1
61026,1
10716,1
11218,1
11246,1
57206,1
12646,1
19060,1
10972,1
79814,1
13014,1
50636,1
70240,1
80088,1
21074,1
20440,1
114268,1
13900,1
13928,1
134422,1
21842,1
28408,1
21642,1
15708,1
10406,1
16112,1
9748,1
14714,1
121258,1
21394,1
9426,1
26008,1
57472,1
8148,1
47916,1
59584,1
22958,1
58688,1
60630,1
49584,1
32084,1
20086,1
13138,1
13524,1
11412,1
10024,1
42006,1
13266,1
71868,1
20080,1
27098,1
78878,1
13264,1
38070,1
30170,1
